"","V1","V2","V3","V4","V5","V6","V7"
"LOC645949",0,1,0,0,0,0,0
"TIMM17A",1,0,0,0,0,0,0
"STK36",0,1,0,0,0,0,0
"SNX2",1,0,0,0,0,0,0
"LINC00235",0,0,0,0,0,0,1
"USP43",0,1,0,0,0,0,0
"PGCP1",1,0,0,1,0,0,0
"PADI3",0,0,0,0,0,1,0
"TMEM108",0,1,0,0,0,0,1
"PRR23D1.PRR23D2",0,0,0,0,0,0,1
"TBX2",1,0,0,0,0,0,0
"ATP10A",0,0,0,0,0,0,1
"TIAM1",1,0,0,0,0,0,0
"ADPRHL2.COL8A2",0,0,0,0,0,0,1
"CWC27",0,0,0,0,1,0,0
"RAET1K",1,0,0,0,0,0,0
"AACS",0,1,0,0,0,1,0
"CCDC77",0,1,0,0,0,0,0
"RAET1L",1,1,0,0,0,0,0
"LINC00638",1,0,0,0,0,0,0
"CSE1L.AS1",0,1,0,0,0,0,0
"ADSS",0,0,0,0,0,1,0
"NUTM2F",1,0,0,0,0,0,0
"OR10A3",0,1,0,0,0,0,0
"POFUT2",0,1,0,0,0,0,0
"VPS18",0,1,0,0,0,0,0
"NAT8B",1,0,0,0,0,0,0
"JUP",0,1,0,0,0,0,0
"RP9P",0,0,0,0,0,0,1
"DENND5B",1,0,0,0,0,0,0
"NOC4L",0,1,0,0,0,0,0
"ALMS1",0,1,0,0,0,0,0
"LINC00649",0,0,0,0,0,0,1
"POGLUT1",0,0,0,0,0,0,1
"ATP6V1E2",0,0,0,0,0,0,1
"WNT2",0,0,0,0,0,0,1
"GGNBP2",1,0,0,0,0,0,0
"C6orf163",0,1,0,0,0,0,0
"KLF9",0,1,0,0,0,0,0
"THAP5",0,0,0,1,0,0,1
"HHLA2",0,0,0,0,0,1,0
"HHLA3",0,0,0,0,0,0,1
"C1QL1",0,1,0,0,0,0,0
"ANO10",0,1,0,0,0,0,0
"PCNT",0,1,0,0,0,0,0
"IRAK3",0,0,0,0,0,1,0
"FRG2C",0,0,0,0,0,0,1
"OLA1",0,1,0,0,0,0,0
"LINC01396",0,0,0,0,0,1,0
"C14orf2",2,0,0,0,0,0,0
"CMC2",0,1,0,0,0,0,0
"VRTN",0,0,0,0,0,1,0
"PDE6C",0,1,0,0,0,0,0
"MIR516B2",0,0,0,0,0,0,1
"RTKN2",0,0,0,0,1,0,0
"URB1.AS1",0,0,0,0,0,0,1
"SPATA31D5P",0,1,0,0,0,0,0
"ITIH1",1,0,0,0,0,0,0
"CYP27B1",0,0,0,0,0,1,0
"CCDC3",0,0,0,0,0,0,1
"AKAP10",0,0,0,0,0,1,0
"PTENP1",0,0,0,0,0,0,1
"NCRNA00250",0,0,0,0,0,0,1
"PI16",0,1,0,0,0,0,0
"BAG3",0,0,0,0,0,0,1
"CYP27C1",0,0,0,0,0,0,1
"CCDC74A",0,0,0,0,0,0,1
"ABCF2",0,1,0,0,0,0,0
"UBE2Q2P1",0,0,1,0,0,0,0
"FEZF1.AS1",1,0,0,0,0,0,0
"HLA.G",1,0,0,0,0,0,0
"SHH",0,0,0,0,0,1,0
"LOC102724279",0,0,0,0,0,0,1
"ENTPD2",0,1,0,0,0,0,0
"CLDN18",0,0,1,0,0,0,0
"GLIDR",0,0,0,0,0,0,1
"ENTPD5",0,1,0,0,0,0,0
"NMRK1",1,0,0,0,0,0,0
"CACUL1",0,1,0,0,0,0,0
"CECR1",0,0,0,0,0,0,1
"LINC00602",0,0,0,0,0,0,1
"LINC00208",0,0,0,1,0,0,0
"SLC7A5",0,0,0,0,0,0,1
"MDFI",0,1,0,0,0,0,0
"FAAH",0,1,0,0,0,0,0
"IKZF4",0,1,0,0,0,0,0
"HOXC12",0,1,0,0,0,0,0
"PKNOX2.AS1",1,0,0,0,0,0,0
"LOC728613",0,0,0,0,0,0,1
"STOML2",0,0,1,0,0,0,0
"FLJ33534",0,0,0,0,0,0,1
"LY6H",1,0,0,0,0,0,0
"PRKCG",0,0,0,0,0,0,1
"PHC2",0,0,0,0,0,0,1
"EEF1D",0,0,0,0,0,0,1
"CYCS",0,1,0,0,0,0,0
"LOC100507534",0,1,0,0,0,1,0
"PRPF31",1,0,0,0,0,0,0
"H1FX.AS1",0,0,0,0,0,1,0
"MAPT.AS1",0,1,0,0,0,0,0
"AR",0,0,0,0,0,1,0
"OXLD1",0,1,0,0,0,0,0
"C3",0,0,0,0,0,0,1
"LOC400655",0,0,0,0,0,1,0
"ITGA11",0,0,0,0,0,0,1
"C5",1,0,0,0,0,0,0
"AZGP1P1",0,0,0,0,0,1,0
"MIR6511A1.MIR6511A2.MIR6511A3.MIR6511A4",0,1,0,0,0,0,0
"FAM198A",0,0,0,0,0,0,1
"TULP3",0,0,0,0,0,0,1
"FAM90A7P",0,1,0,0,0,0,0
"DEF8",0,1,0,0,0,0,0
"CDX1",0,0,0,0,0,0,1
"RALBP1",0,0,0,0,0,0,1
"DAG1",0,1,0,0,0,0,0
"ODF4",1,0,0,0,0,0,0
"SGSM2",1,0,0,0,0,0,0
"MIR5087",1,0,0,0,0,0,0
"CTD.3080P123",0,0,0,0,0,0,1
"LY96",0,0,0,0,0,0,1
"AXIN1.PDIA2",0,0,0,0,0,1,0
"HILPDA",1,0,0,0,0,0,0
"RNU105C",1,0,0,0,0,0,0
"AP1B1P1",1,0,0,0,0,0,0
"PWRN4",0,0,0,1,0,0,0
"SNX31",0,0,0,0,0,0,1
"CLU",0,2,0,0,0,0,0
"IKBIP",0,0,0,1,0,0,0
"SNX33",0,0,0,0,0,0,1
"OR10H1",1,0,0,0,0,0,0
"NAGPA",0,1,0,0,0,0,0
"GPR4",0,0,0,0,0,0,1
"RNF126",0,1,0,0,0,0,0
"CLCNKB.FAM131C",0,1,0,0,0,0,0
"USP17L10",0,0,0,0,0,0,1
"PRSS50.TMIE",0,0,0,0,0,0,1
"SELPLG",0,0,0,0,0,0,1
"RNU5D.1",0,0,0,0,0,1,0
"TRPV5",0,1,0,0,0,1,0
"MIR100HG",0,1,0,0,0,0,0
"MIR3687.1.MIR3687.2",1,0,1,0,0,0,0
"RGS3",1,0,0,0,0,0,0
"TESPA1",0,1,0,0,0,0,0
"ZNF805",0,0,0,0,1,0,0
"FAF1",1,0,0,0,0,0,0
"EDF1.MAMDC4",1,0,0,0,0,0,1
"NLRP7",1,0,0,0,0,0,0
"COL13A1",1,0,0,0,0,0,0
"RHBG",1,0,0,0,0,0,0
"HAR1A",1,0,0,0,0,0,0
"PLA1A",0,0,0,0,0,1,0
"PLEC",0,0,0,0,0,0,1
"IKBKE",0,0,0,0,0,0,1
"IFT27",0,1,0,0,0,0,0
"GSTO2",0,0,0,0,0,0,1
"MLIP",0,0,0,0,0,1,0
"SFTA2",0,0,0,0,0,1,0
"LOC100506548",0,1,0,0,0,0,0
"RIMBP3",1,0,0,0,0,0,0
"ARRB1",1,0,0,0,0,0,0
"PCYT1B",0,1,0,0,0,0,0
"ARRB2",0,0,0,0,0,1,0
"GLRX",1,0,0,0,0,0,0
"MIR3939",1,0,0,0,0,0,0
"RHCG",1,0,0,0,0,0,0
"OR4S1",0,0,0,0,0,0,1
"GNAI2",1,0,0,0,0,0,0
"TXLNB",0,1,0,0,0,0,0
"CELF4",1,0,0,0,0,0,0
"SLC15A1",0,1,0,0,0,0,0
"NAA40",0,1,0,0,0,0,0
"FBXO36",0,1,0,0,0,0,0
"INO80",0,1,0,0,0,0,0
"OR1D4",0,1,0,0,0,0,0
"LOC101929378",0,1,0,0,0,0,0
"CALM3",0,0,0,0,0,0,1
"PABPC1L2A",0,0,0,0,0,0,1
"LRSAM1",0,1,0,0,0,0,0
"MIR3680.1.MIR3680.2",0,1,0,0,0,0,0
"SP6",0,0,0,0,0,0,1
"ARMT1",0,1,0,0,0,0,0
"LINC01324",0,1,0,0,0,0,0
"RSPH1",1,0,0,0,0,0,0
"CTNND1.TMX2.CTNND1",0,1,0,0,0,0,0
"SLC25A1",0,1,0,0,0,0,0
"BIN2",0,1,0,0,0,0,0
"ZNF439",0,0,0,0,0,0,1
"NUDT9P1",0,1,0,0,0,0,0
"SLC35B1",0,0,0,0,0,0,1
"ZNF440",0,0,0,0,0,0,1
"PAF1.SAMD4B",0,0,0,0,0,0,1
"TEX101",1,0,0,0,0,0,0
"CLEC18C",1,0,0,0,0,0,0
"BHLHE41",1,0,0,0,0,0,0
"ZNF443",0,1,0,0,0,0,0
"CALR",1,0,0,0,0,0,0
"KRT37",0,1,0,0,0,0,0
"SWT1",0,1,0,0,0,0,0
"KRT38",0,0,0,1,0,0,0
"ATG2B",1,0,0,0,0,0,0
"MIATNB",0,1,0,0,0,0,0
"SDF4",0,1,0,0,0,0,0
"LOC101929767",0,1,0,0,0,0,0
"TMEM239",0,1,0,0,0,0,0
"AQP9",0,0,0,0,0,1,0
"LAT",0,0,0,0,0,0,1
"PRAMEF27",0,1,0,0,0,0,0
"DRAXIN",0,1,0,0,0,0,0
"LRRC15",0,0,0,0,0,0,1
"TRAM2",0,0,0,0,0,0,1
"GSPT1",1,1,0,0,0,0,0
"RNF183",0,0,0,0,0,0,1
"COMTD1",0,1,0,0,0,0,0
"ADAMTS12",0,0,0,0,0,0,1
"LOC399715",0,0,0,0,0,1,0
"RNF185",0,1,0,0,0,0,0
"OS9",0,0,0,0,0,0,1
"GPX5",0,1,0,0,0,0,0
"ZNF890P",0,0,0,0,0,0,1
"CACNA1G",1,0,0,0,0,0,0
"MRPS11",0,0,0,0,0,0,1
"HLA.DMB",0,1,0,0,0,0,0
"ACSM5",1,0,0,0,0,0,0
"ATG16L2",0,1,0,0,0,0,1
"SPDYE6",1,0,0,0,0,0,0
"SYNJ2",1,0,0,0,0,0,0
"B3GNT6",0,2,0,0,0,0,1
"SLC45A2",0,1,0,0,0,0,0
"LOC100507194",0,0,0,0,0,1,0
"H1FOO",0,1,0,0,0,0,0
"SRM",0,0,0,0,0,0,1
"EIF4E",0,0,0,0,0,0,1
"IGSF8",0,0,0,0,0,1,0
"PTK2",0,0,0,0,0,0,1
"TRIM4",0,0,0,1,0,0,0
"CLMN.DICER1.AS1",0,1,0,0,0,0,0
"LOC101928370",0,1,0,0,0,0,0
"C1QC",0,1,0,0,0,0,0
"AURKAIP1",0,0,0,0,0,0,1
"PTK6",0,0,0,0,0,0,1
"LOC254028",1,0,0,0,0,0,0
"CIDEA",0,0,0,0,0,1,0
"SLC35C2",1,0,0,0,0,0,0
"AIRE",0,1,0,0,0,0,0
"IL23A.STAT2",1,0,0,0,0,0,0
"ZCCHC7",0,1,0,0,0,0,0
"KLKP1",0,0,0,0,0,0,1
"OCIAD1",0,1,0,0,0,0,0
"MAATS1",0,1,0,0,0,0,0
"GIGYF2",0,1,0,0,0,0,0
"LOC101927762",0,1,0,0,0,0,0
"TMEM201",0,0,0,0,0,1,0
"LPGAT1",0,1,0,0,0,0,0
"PSMG3.AS1",0,1,0,0,0,0,0
"GPRIN3",0,0,0,0,0,1,0
"CSF2RB",0,0,0,0,0,1,0
"UMODL1",0,0,0,0,0,0,1
"LOC339666",0,0,0,0,0,1,0
"EPPK1",0,0,0,0,0,0,1
"EXOC6B",0,1,0,0,0,0,0
"SAXO1",0,0,0,0,0,0,1
"TPRA1",0,0,0,1,0,0,0
"ATP1A3",0,0,0,0,0,0,1
"LOC101928778",0,1,0,0,0,0,0
"HEIH",0,0,0,0,0,0,1
"LZTS3",0,1,0,0,0,0,0
"DDX56",0,0,0,0,0,0,1
"MIR519B",0,0,0,0,0,0,1
"CRISPLD2",0,0,0,0,0,1,0
"RWDD2A",0,0,0,0,0,0,1
"HOXD4",0,1,0,0,0,0,0
"DDX58",0,0,0,0,1,0,0
"RNA45S5",0,1,0,0,0,0,0
"PPM1M",0,0,0,0,0,0,1
"PPM1N",2,0,0,0,0,0,0
"LINC00346",1,0,0,0,0,0,0
"MIR7515HG",0,1,0,0,0,0,0
"LINC00347",0,1,0,0,0,1,0
"C1orf228",0,0,0,0,0,0,1
"HOXD8",0,1,0,0,0,0,0
"UTF1",0,1,0,0,0,0,0
"TRANK1",0,1,0,0,0,0,0
"SERTM1",0,0,0,1,0,0,0
"LOC100996263",0,0,0,0,0,0,1
"SNORD116.5.SNORD116.7",1,0,0,0,0,0,0
"REG3A",0,0,0,0,0,0,1
"MIR1587",0,1,0,0,0,0,0
"ATP1B4",0,0,0,0,0,1,0
"SKOR2",0,1,0,0,0,0,0
"ANP32A",1,0,0,0,0,0,0
"NUDT1.SNX8",0,1,0,0,0,0,0
"NR3C2",0,1,0,0,0,0,0
"ABTB1",0,0,0,0,0,1,0
"RNA28S5.RNA45S5",1,3,0,0,0,0,1
"CES2",0,0,0,0,0,1,0
"ABTB2",1,0,0,0,0,0,0
"MIR3648.1.MIR3648.2.MIR3687.1.MIR3687.2",1,1,0,0,0,0,0
"MED8",1,0,0,0,0,0,0
"LOC440028.SWAP70",0,1,0,0,0,0,0
"ENDOU",0,0,0,0,0,0,1
"METTL13",1,0,0,0,0,0,0
"NLRP10",0,1,0,0,0,0,0
"MUC4",0,1,0,0,0,0,0
"RGS10",1,0,0,0,0,0,0
"OMA1",0,0,0,0,0,1,0
"TEX35",0,0,0,0,0,1,0
"MMD2",1,0,0,0,0,0,0
"METTL18",1,0,0,0,0,0,0
"LINC01498",0,1,0,0,0,0,0
"PRADC1.SMYD5",1,0,0,0,0,0,0
"LINC00322",1,0,0,0,0,0,0
"HS3ST6",0,1,0,0,0,0,0
"SUSD3",0,0,0,0,0,1,0
"HRASLS2",1,0,0,0,0,0,0
"GIN1",0,1,0,0,0,0,0
"GAL3ST3",0,0,0,0,0,0,1
"TAOK1",0,0,0,0,0,1,0
"FAM27C",0,1,0,0,0,0,0
"SWAP70",0,0,0,1,0,0,0
"RAB30.AS1",0,0,0,0,0,1,0
"THEMIS2",0,1,0,0,0,0,0
"POTEG",0,1,0,0,0,0,0
"PNPLA1",0,2,0,0,0,0,0
"PC",0,1,0,0,0,0,0
"RNA5.8S5",1,1,0,0,0,0,0
"CDC42BPB",1,0,0,0,0,0,0
"NMRAL1",0,2,0,0,0,0,0
"HELT",0,1,0,0,0,0,0
"EXOC3L2",0,1,0,0,0,0,0
"DHX33",0,0,0,0,0,0,1
"LOC340357",0,0,0,0,0,1,0
"LRRC7",0,0,0,0,0,1,0
"OR1N1",0,1,0,0,0,0,0
"OR1N2",0,1,0,0,0,0,0
"WDYHV1",1,0,0,0,0,0,0
"RTN2",0,0,0,0,0,0,1
"BCORL1",0,1,0,0,0,0,0
"MEG3",1,0,0,0,0,0,0
"LINC01081",0,1,0,0,0,0,0
"DPY19L3",1,0,0,0,0,0,0
"GUCA1C",0,0,0,0,0,0,1
"CHCHD6",0,1,0,0,0,1,0
"TNNI2",0,1,0,0,0,0,0
"LOC102723766",0,0,0,1,0,0,0
"MLYCD",0,1,0,0,0,0,0
"ACOT6",0,0,0,0,0,0,1
"TTC17",0,0,1,0,0,0,0
"ACOT7",0,0,0,0,0,0,1
"UBXN10.AS1",0,0,1,0,0,0,0
"HAPLN4",1,0,0,0,0,0,0
"STXBP5.AS1",0,1,0,0,0,0,0
"APOA1",0,1,0,0,0,0,0
"ENC1",1,0,0,0,0,0,0
"DRD3",0,0,0,0,0,0,1
"GCNT1",0,0,0,0,0,1,0
"MIR3974",0,1,0,0,0,0,0
"CLEC1B",0,1,0,0,0,0,0
"FBLN2",0,1,0,0,0,0,0
"SLC25A30.AS1",0,1,0,0,0,0,0
"GUCA2A",1,0,0,0,0,0,0
"HIF3A",1,0,0,0,0,0,0
"LRRC8E",0,0,0,0,0,0,1
"MFAP5",0,0,0,0,0,0,1
"PLS1",0,1,0,0,0,0,0
"NIM1K",0,0,0,0,0,1,0
"UHMK1",0,0,0,0,0,0,1
"RIBC2",0,1,0,0,0,0,0
"MAGEB1",0,0,0,0,0,0,1
"PLS3",1,0,0,0,0,0,0
"CITED1",0,1,0,0,0,0,0
"E2F8",0,1,0,0,0,0,0
"GJA4",0,1,0,0,0,0,0
"KRTAP9.8",0,1,0,0,0,0,0
"ZMIZ1.AS1",0,0,0,0,0,1,0
"AVPI1.PI4K2A",0,1,0,0,0,0,0
"TPM4",0,1,0,0,0,0,0
"SMPD4",0,0,1,0,0,0,0
"GRINA",0,0,0,0,0,0,1
"TUBA8",0,0,0,0,0,0,1
"LIX1L",0,0,0,0,0,2,0
"HBA1",0,0,0,0,0,0,1
"LOC101928009",0,1,0,0,0,0,0
"CATSPERD",0,1,0,0,0,0,0
"NEFL",0,0,0,0,0,0,1
"RTP4",0,1,0,0,0,0,0
"FAT3",1,0,0,0,0,0,0
"CFHR1",0,0,0,0,0,0,1
"TLN1",1,0,0,0,0,0,0
"RTP5",0,1,0,0,0,0,0
"TLN2",0,0,0,1,0,0,0
"TTC34",1,0,0,0,0,0,0
"SCLT1",0,0,0,0,0,1,0
"TOR1AIP1",0,0,0,0,0,1,0
"RNF216",0,1,0,0,0,0,0
"GPRC5D",1,0,0,0,0,0,0
"GCSAML",0,0,0,0,0,0,1
"ABL1",1,0,0,0,0,0,0
"CLEC2L",0,1,0,0,0,0,0
"GMPR",0,1,0,0,0,0,0
"SOCS5",1,0,0,0,0,0,0
"NPVF",0,0,0,1,0,0,0
"SOCS7",0,0,0,1,0,0,0
"DUSP23",0,1,0,0,0,0,0
"CIAPIN1",0,1,0,0,0,0,0
"TTLL11",0,0,0,0,0,0,1
"CATSPER1",0,0,0,0,0,0,1
"ADGRE3",0,0,0,0,0,1,0
"TTLL12",0,0,0,0,0,1,0
"CLEC3B",0,1,0,0,0,0,0
"FBXO2",0,0,0,0,0,1,0
"FBXL17",0,0,0,1,0,0,0
"FOSL2",0,1,0,0,0,1,0
"SNORD116.1",0,2,0,0,0,0,0
"OR51B5",0,0,0,0,0,1,0
"USP17L11.USP17L18",1,0,0,0,0,0,0
"AURKC",0,1,0,0,0,0,0
"GEMIN8P4",0,1,0,0,0,0,0
"NUDCD3",0,1,0,0,0,0,0
"FADS3",0,1,0,0,0,0,0
"CLSTN2",0,1,0,0,0,0,0
"MAGEA2.MAGEA2B",0,0,0,0,0,0,1
"CLSTN3",0,1,0,0,0,0,0
"OR2B3",1,0,0,0,0,0,0
"SPCS2",0,1,0,0,0,0,0
"RAB22A",1,0,0,0,0,0,0
"DLGAP1",1,0,0,0,0,0,0
"BNIP3",1,0,0,0,0,0,0
"BOLA2.BOLA2B",0,0,0,0,0,0,1
"SLC7A5P1",0,0,0,0,0,1,0
"DEFA9P",1,0,0,0,0,0,0
"TREX2",0,0,0,0,0,0,1
"HES5",0,0,0,0,0,0,1
"MAFIP",1,0,0,0,0,0,0
"TUNAR",0,0,0,0,0,1,0
"RECK",0,0,0,0,0,0,1
"HCG11",0,0,0,0,0,0,1
"LALBA",0,1,0,0,0,0,0
"OR51D1",0,1,0,0,0,1,0
"DNTTIP2",1,0,0,0,0,0,0
"RXRA",0,1,0,0,0,0,0
"C15orf48.MIR147B",1,0,0,0,0,0,0
"SLC12A8",0,0,0,0,0,0,1
"HCG17",0,0,0,0,0,0,1
"C4BPA",0,0,0,0,0,0,1
"CHAC1",1,0,0,0,0,0,0
"FBRSL1",1,0,0,0,0,0,0
"MS4A10",1,0,0,0,0,0,0
"C2CD5",0,0,0,0,0,1,0
"SMC2",0,1,0,0,0,0,0
"PLAC8",1,0,0,0,0,0,0
"HAUS5",0,1,0,0,0,0,0
"NUP50",0,1,0,0,0,0,0
"ASCC2",0,1,0,0,0,0,0
"OPN1MW",0,0,0,0,0,0,1
"ZNF132",0,0,0,0,0,1,0
"MICAL2",0,0,0,0,0,0,1
"LVCAT8",0,0,0,0,0,1,0
"CHST12",1,0,0,0,0,0,0
"MYDGF",0,0,0,0,0,0,1
"ZNF134",0,0,0,1,0,0,0
"HCG26",0,0,0,0,0,0,1
"HCG27",0,1,0,0,0,0,0
"SCARA3",0,0,0,0,0,0,1
"LOC101928436",0,0,0,0,0,1,0
"LINC01423",0,1,0,0,0,0,0
"GUSBP3",0,0,0,0,0,1,0
"DCDC5",1,0,0,0,0,0,0
"ANO1",0,1,0,0,0,0,0
"SLC22A5",1,0,0,0,0,0,0
"GSG1L",0,1,0,0,0,0,0
"PIGQ",0,1,0,0,0,0,0
"PRSS33",0,0,0,1,0,0,0
"SPATA31A5.SPATA31A7",0,1,0,0,0,0,0
"NAPSA",0,1,0,0,0,0,0
"GUSBP9",0,0,0,0,0,0,1
"TTC7A",0,0,0,0,0,1,0
"LPL",0,1,0,0,0,0,0
"LMO1",1,0,0,0,0,0,0
"ARL4D",0,1,0,0,0,0,0
"ENDOD1",0,0,0,1,0,0,0
"MIR187",1,0,0,0,0,0,0
"TMCC2",0,0,0,0,0,0,1
"RASD2",1,0,0,0,0,0,0
"DMRT1",0,0,0,0,0,0,1
"CHMP2A.MIR6807.TRIM28",0,1,0,0,0,0,0
"EMX2OS",0,1,0,0,0,0,0
"GS1.279B71",0,1,0,0,0,0,0
"C11orf72",1,0,0,0,0,0,0
"KYNU",0,0,0,0,0,0,1
"MIR6724.1.MIR6724.2.MIR6724.3.MIR6724.4",1,2,0,0,0,0,1
"MAL",0,0,0,0,0,0,1
"ABO",0,1,0,0,0,0,0
"SEMG1",1,0,0,0,0,0,0
"UNC5CL",0,0,0,0,0,0,1
"LOC100506274",1,0,0,0,0,0,0
"CACNA2D1",0,1,0,0,0,0,0
"LINC01007",1,0,0,0,0,0,0
"HMGCS1",0,1,0,0,0,0,0
"ONECUT3",0,0,0,0,0,1,0
"COMMD4",0,1,0,0,0,0,0
"ITGAM",1,0,0,0,0,0,0
"RPAP1",0,0,0,0,0,0,1
"MIR4444.1.MIR4444.2",0,0,0,0,0,0,1
"SHANK2",1,0,0,0,0,0,0
"LGALS4",0,0,0,1,0,0,1
"ZNF556",0,1,0,0,0,0,0
"MRPL10",0,0,0,1,0,0,0
"FIZ1",1,0,0,0,0,0,0
"KIAA1683",0,1,0,0,0,0,0
"BNIP3L",1,0,0,0,0,0,0
"PCAT6",0,0,0,0,0,0,1
"FLJ36777",0,0,0,0,0,0,1
"ITGAX",0,1,0,0,0,0,0
"LINC00853",0,0,0,0,0,0,1
"C3orf22",0,0,1,0,0,0,0
"XPO1",0,1,0,0,0,0,0
"MYLK2",0,1,0,0,0,0,0
"LOC400043",1,0,0,0,0,0,0
"MYLK4",0,0,0,0,0,0,1
"PYCRL",0,0,0,0,0,1,0
"FAM86C2P",1,0,0,0,0,0,0
"MAN1B1",0,0,0,0,0,0,1
"MRPL23",0,1,0,0,0,0,0
"LINC00462",0,0,0,1,0,0,0
"WDR4",0,1,0,0,0,0,0
"TFCP2",0,0,0,0,0,1,0
"NPIPB15",0,1,0,0,0,0,0
"ALOX5AP",0,0,0,0,0,0,1
"CRB2.DENND1A",1,0,0,0,0,0,1
"NUP98",0,0,1,0,0,0,0
"SCNN1A",0,1,0,0,0,0,0
"ZNF576",0,0,0,0,0,1,0
"NR4A1",1,0,0,0,0,0,0
"CCDC37.AS1",1,0,0,0,0,0,0
"BTN2A2",0,0,0,0,0,1,0
"CSTF3",0,0,0,1,0,0,0
"MYOF",0,0,0,0,0,0,1
"SPDYE8P",0,0,0,0,0,1,0
"C12orf80",1,0,0,0,0,0,0
"HERC1",1,0,0,0,0,0,0
"TNNT2",0,1,0,0,0,0,0
"GATA3",1,0,0,0,0,0,0
"SCARF1",1,0,0,0,0,0,0
"TST",1,0,0,0,0,0,0
"LSP1P3",0,0,0,0,0,0,1
"MIR129.1",0,1,0,0,0,0,0
"APOOP5",1,0,0,0,0,0,0
"MIR129.2",0,0,0,0,0,0,1
"KRTAP13.3",0,0,0,0,0,0,1
"CSPG5",0,0,0,0,0,1,0
"TOP2A",1,0,0,0,0,0,0
"STX6",1,0,0,0,0,0,0
"LOC102724034",1,0,0,0,0,0,0
"PUM1",0,0,1,0,0,0,0
"REXO1L2P",1,0,0,0,0,0,1
"GRK1",1,0,0,0,0,0,0
"SERPINA10",0,0,0,0,0,0,1
"CGB5",0,0,0,0,0,1,0
"LUM",0,0,0,0,0,0,1
"GTPBP1.SUN2",0,0,0,1,0,0,0
"LOC728040",0,0,0,0,1,0,0
"ATP2B2",0,1,0,0,0,0,0
"UBASH3A",1,0,0,0,0,0,0
"ATP2B4",0,0,0,0,0,0,1
"SLURP1",1,0,0,0,0,0,0
"AATK.AS1",1,0,0,0,0,0,0
"TPSAB1",0,0,0,0,0,0,1
"LINC00412",0,0,0,0,0,1,0
"TMEM39B",0,0,0,0,1,0,0
"MRPL55",1,0,0,0,0,0,0
"ZDHHC11",0,0,0,0,0,0,1
"BOD1",0,1,0,0,0,0,0
"LOC730183",1,0,0,0,0,0,0
"RNA5S9",1,0,0,0,0,0,0
"VSTM2B",1,0,0,0,0,0,0
"MIR5695",0,1,0,0,0,0,0
"MIR5696",0,0,0,0,0,1,0
"CPXM1",0,0,0,0,0,0,1
"CARD6",0,1,0,0,0,0,0
"DISP2",0,0,0,0,0,0,1
"PRR12",0,0,0,0,0,1,0
"PSMG4.SLC22A23",1,0,0,0,0,0,0
"LOC102606465",0,0,0,0,0,1,0
"THOP1",0,1,0,0,0,0,0
"MATK",1,0,0,0,0,0,0
"NARS",0,0,0,0,0,0,1
"PRAC1",0,0,0,0,0,0,1
"PPP1R7",1,0,0,0,0,0,0
"RASA4CP",0,0,0,0,0,0,1
"KCNA5",0,1,0,0,0,0,0
"ANXA4",0,0,0,0,0,0,1
"MC4R",1,0,0,0,0,0,0
"RBCK1",0,0,0,0,0,0,1
"SLC25A51",0,1,0,0,0,0,0
"MYT1",0,0,0,0,0,1,0
"CD55",0,1,0,0,0,0,0
"MIR4267",0,1,0,0,0,0,0
"MIR3659",0,0,1,0,0,0,0
"CCDC154",1,0,0,0,0,0,1
"LGALS3BP",0,0,0,1,0,0,0
"ACAD9",0,0,0,0,0,1,0
"RPL23AP53",0,0,0,0,0,1,0
"C19orf47",0,0,0,0,0,1,0
"PSMA7",0,1,0,0,0,0,0
"MKRN2OS",0,0,0,0,0,1,0
"NFE2",0,0,0,0,0,0,1
"UGT2B15",0,1,0,0,0,0,0
"DMRTA2",0,0,0,1,0,0,0
"UQCR10",1,0,0,0,0,0,0
"FUNDC2",0,0,0,1,0,0,0
"LINC00400",1,0,0,0,0,0,0
"C1orf52",0,0,0,0,0,0,1
"CCND1",1,0,0,0,0,0,0
"FAM78A",0,1,0,0,0,0,0
"FAM78B",0,0,0,0,0,0,1
"SMAD1",0,0,0,0,0,0,1
"PSMB5",0,1,0,0,0,0,0
"CT55",0,0,0,0,0,0,1
"DMRTB1",1,0,0,0,0,0,0
"GVINP1",0,1,0,0,0,0,0
"LOC100130899",0,0,0,0,0,1,0
"MED14",0,1,0,0,0,0,0
"PPP2R3B",0,0,0,1,0,1,0
"HTR1A",0,0,0,0,0,0,1
"CDC45",0,1,0,0,0,0,0
"CEBPB.AS1",0,0,0,0,0,0,1
"MED16",1,0,0,0,0,0,0
"CPEB1",0,0,0,0,0,0,1
"FRA10AC1",0,1,0,0,0,0,0
"MIR4682",0,1,0,0,0,0,0
"ZBTB8A",0,2,0,0,0,0,0
"CT62",1,0,0,0,0,0,0
"CCDC178",1,0,0,0,0,0,0
"ZBTB8B",0,1,0,0,0,0,0
"C14orf180.TMEM179",0,0,0,0,0,1,0
"BCHE",0,0,0,1,0,0,0
"SEC13",0,0,0,0,0,1,0
"MED21",0,0,0,0,0,1,0
"MIR4272",0,0,0,0,0,0,1
"LINC01158",0,0,0,0,0,1,0
"IL9",0,1,0,0,0,0,0
"LL22NC03.75H122",0,1,0,0,0,1,0
"MIR548AB",0,1,0,0,0,0,0
"RASL11B",0,0,0,0,0,0,1
"FAM41AY1.FAM41AY2",0,0,0,0,0,0,1
"ERGIC3.FER1L4",0,0,0,0,0,1,0
"COL6A3",0,1,0,0,0,0,0
"SNORD115.17.SNORD115.18.SNORD115.19",0,0,0,0,0,1,0
"FRMD6.AS2",0,1,0,0,0,0,0
"NUCKS1",0,1,0,0,0,0,0
"LOC102467223",1,0,0,0,0,0,0
"CCDC187",0,0,0,0,0,1,0
"KCNE1",0,1,0,0,0,0,0
"PLEKHA7",0,1,0,0,0,0,0
"ADAMTSL2",0,1,0,0,0,0,0
"QKI",0,0,0,0,0,1,0
"FCAMR",0,1,0,0,0,0,0
"DNTT",1,0,0,0,0,0,0
"ADAMTSL5",0,0,0,0,0,1,0
"ELN",1,0,0,0,1,0,0
"OR56A1",0,0,0,0,0,0,1
"LOC101929125",0,0,0,0,0,0,1
"SNORD115.1",0,1,0,0,0,0,0
"LRP5L",0,0,0,0,0,0,1
"EN2",1,0,0,0,0,0,0
"PLEKHD1",0,1,0,0,0,0,0
"ST6GALNAC1",1,0,0,0,0,0,0
"EMD",1,0,0,0,0,0,0
"TIMM8A",1,0,0,0,0,0,0
"HTR3E",0,1,0,0,0,0,0
"SNAR.C1.SNAR.C2.SNAR.C5",0,0,1,0,0,0,0
"DNAJA4.WDR61",0,1,0,0,0,0,0
"MGAT4EP",0,1,0,0,0,0,0
"DNMT3A",1,0,0,0,0,0,0
"LOC102467214",0,0,0,1,0,0,0
"ZNF663P",0,0,0,0,0,1,0
"C2orf61",0,1,0,0,0,0,0
"CCDC17.NASP",0,0,0,0,0,0,1
"WDR45B",1,0,0,0,0,0,1
"LAMA3",0,1,0,0,0,0,0
"PTPRJ",1,0,0,0,0,0,0
"PARP3",1,0,0,0,0,0,0
"MIR4313",0,1,0,0,0,0,0
"DNAJB13",0,0,0,0,0,1,0
"CA9.TPM2",0,0,0,0,0,0,1
"PTPRN",0,1,0,0,0,0,0
"DSG3",0,1,0,0,0,0,0
"VAMP3",0,1,0,0,0,0,0
"GTPBP6.PLCXD1",0,0,0,0,0,0,1
"LINC01537",0,0,0,0,0,0,1
"TTC21A",0,0,0,0,0,0,1
"LYZL4",0,0,0,0,0,0,1
"CHMP6",0,0,0,1,0,1,0
"C17orf99",0,1,0,0,0,0,0
"WNT3A",0,0,0,0,0,1,0
"C9orf173.AS1",0,1,0,0,0,0,0
"PRDX6",0,0,0,1,0,0,0
"ZSCAN12P1",1,0,0,0,0,0,0
"KCNG1",0,0,0,1,0,0,0
"AMN.CDC42BPB",0,0,0,1,0,0,0
"C16orf82",0,1,0,0,0,0,0
"PXDNL",0,0,0,1,0,0,0
"ZNF610",0,1,0,0,0,0,0
"RNU2.1",1,0,0,1,0,0,1
"NFIC",0,0,0,0,0,1,0
"ZNF614",0,1,0,0,0,0,0
"KBTBD12",0,1,0,0,0,0,0
"HACD2",1,0,0,0,0,0,0
"HIST1H2BD",0,0,0,0,0,1,0
"TRMT11",0,0,0,0,0,0,1
"CTDP1",0,1,0,0,0,0,0
"ZFP90",0,0,0,0,0,1,0
"LOC103312105",0,0,0,0,0,0,1
"TCONS_00029157",1,0,0,0,0,0,0
"SLC13A2",0,0,0,0,0,1,0
"FAM86B2",0,1,0,0,0,0,0
"TUSC1",0,1,0,0,0,0,0
"RAB33A",1,0,0,0,0,0,0
"SNORD115.44",0,1,0,0,0,0,0
"LOC101927934",0,1,0,0,0,0,0
"PAX5",0,1,0,0,0,0,0
"LINC00993",0,0,0,0,0,1,0
"SNORD114.30",1,0,0,0,0,0,0
"LINC00996",0,2,0,0,0,0,0
"ARPC2",0,1,0,0,0,0,0
"FCER2",0,1,0,0,0,0,0
"C17orf77",0,0,0,0,0,0,1
"MIR6723",0,4,0,0,0,2,0
"LETM1",1,0,0,0,0,1,0
"LINC01120",0,0,0,0,0,0,1
"LOC101928134",0,1,0,0,0,0,0
"OR7E47P",0,0,0,0,0,0,1
"C9orf152",0,0,0,0,0,0,1
"ADAM22",0,1,0,0,0,0,0
"SULT1B1",0,0,0,0,0,0,1
"OR2T8",1,0,0,0,0,0,0
"SNORD115.16",0,0,0,0,0,0,1
"RBM20",0,1,0,0,0,0,0
"PARS2",0,0,0,0,0,0,1
"ZNF239",1,0,0,0,0,0,0
"DCHS1",0,1,0,0,0,0,0
"SNCA",0,1,0,0,0,0,0
"SNAI1",0,0,0,0,0,0,1
"LOC100129316",0,0,0,0,0,0,1
"SNAR.A10.SNAR.A11.SNAR.A14.SNAR.A3.SNAR.A4.SNAR.A5.SNAR.A6.SNAR.A7.SNAR.A8.SNAR.A9",1,0,0,0,0,0,0
"TC2N",0,0,0,0,0,1,0
"SLC27A3",1,0,0,0,0,0,0
"ADAM30",0,0,0,0,0,0,1
"RBFA",0,1,0,0,0,0,1
"PABPC1L",0,1,0,0,0,0,0
"SPEF2",0,1,0,0,0,0,0
"PAGE1",0,1,0,0,0,0,0
"S100A9",0,0,0,0,0,0,1
"SH2D5",1,0,0,0,0,0,0
"LOC403323",0,1,0,0,0,0,0
"HIST1H2AA",0,1,0,0,0,0,0
"DGKD",1,0,0,0,0,0,0
"SLITRK3",0,0,0,0,0,1,0
"CCNJL",0,1,0,0,0,0,0
"HIST1H2AE",0,0,0,0,0,0,1
"OSCAR",0,0,0,0,0,1,0
"LINC00581",0,0,0,0,0,0,1
"LILRA4",0,1,0,0,0,0,0
"USP17L24.USP17L25.USP17L26.USP17L27.USP17L28.USP17L29.USP17L30.USP17L5",1,1,0,0,0,0,1
"CCNL2",1,0,0,0,0,0,0
"LELP1",1,0,0,0,0,0,0
"NFKBIL1",0,1,0,0,0,0,0
"FLJ42627",0,0,0,0,0,0,1
"SLC37A2",0,0,0,1,0,0,0
"MIR296",1,0,0,0,0,0,0
"XAGE2",1,0,0,0,0,0,0
"LINC01107",0,0,0,0,0,0,1
"HDGFL1",0,1,0,0,0,0,0
"FOLR3",0,1,0,0,0,0,0
"ADAMTS2",0,1,0,0,0,0,0
"ZBTB6",0,0,0,0,0,1,0
"BSND",0,1,0,0,0,0,0
"ARX",1,0,0,0,0,0,0
"FOXRED2",1,0,0,0,0,0,0
"LINC00551",0,0,0,0,0,0,1
"BFSP2",1,0,0,0,0,0,0
"PRAMEF34P.PRAMEF36P",0,1,0,1,0,0,0
"HNF1A.AS1",0,0,0,0,0,0,1
"PIK3C2B",0,0,0,0,0,1,0
"CLIP1",0,1,0,0,0,0,0
"ZNF264",0,1,0,0,0,0,0
"MRO",0,1,0,0,0,0,0
"ISCU",0,1,0,0,0,0,0
"DSCR10",0,1,0,0,0,0,0
"LINC00954",0,1,0,0,0,0,0
"ANKLE1",0,1,0,0,0,0,0
"SLC43A3",0,1,0,0,0,0,0
"PRELP",0,0,0,0,0,0,1
"ZNF665",0,0,0,0,0,1,0
"DOLK",0,1,0,0,0,0,0
"C19orf70",1,0,0,0,0,0,0
"C5orf60",0,1,0,0,0,0,0
"TNKS1BP1",0,1,0,0,0,0,0
"CARD11",0,0,0,0,0,0,1
"LINC00562",0,0,0,0,0,0,1
"MAN2B2",0,1,0,0,0,0,0
"HS3ST3B1",0,0,0,0,0,1,0
"LCAT",0,1,0,0,0,0,0
"CA13",0,1,0,0,0,0,0
"SMARCA4",0,1,0,0,0,0,0
"PARVB",0,0,0,0,0,0,1
"LINC00965",0,0,0,0,0,1,0
"FRZB",0,1,0,0,0,0,0
"SLC25A11",0,0,0,0,0,1,0
"FAM102A",1,0,0,0,0,0,0
"SMURF2",0,0,0,0,0,0,1
"PEX14",0,1,0,0,0,0,0
"ZNF678",0,0,0,0,0,1,0
"LOC100507406",0,0,0,0,0,0,1
"TNFSF10",1,0,0,0,0,0,0
"PPP1R15A",0,0,0,0,0,1,0
"LOC101928979",1,0,0,0,0,0,0
"ULBP1",0,0,0,0,0,0,1
"PANX3",0,0,0,0,0,0,1
"TCAF2",1,0,0,0,0,0,0
"TNFSF14",0,1,0,0,0,0,0
"NRXN3",0,0,0,0,0,0,1
"KIAA0226L",0,0,0,0,0,1,0
"DEFB126",0,0,0,0,0,0,1
"KRT7",0,1,0,0,0,0,0
"SCGB1D1",0,1,0,0,0,0,0
"PRM2",0,1,0,0,0,0,0
"PPARG",0,0,0,0,0,0,1
"LINC00939",0,1,0,0,0,0,0
"KIAA1755",1,0,0,0,0,0,0
"PEX26",0,0,0,0,0,0,1
"PRLH",0,1,0,0,0,0,0
"GTF3C2",0,0,0,0,0,1,0
"MANBAL",0,1,0,0,0,0,0
"SLC25A29",0,1,0,0,0,0,0
"MPRIP",0,1,0,0,0,0,0
"TMX4",0,1,0,0,0,0,0
"DEFB136",0,0,0,0,0,0,1
"LOC102724539",1,0,0,0,0,0,0
"SCGB1C2",0,1,0,0,0,0,0
"CD99L2.MTMR1",1,0,0,0,0,0,0
"CCL11",1,0,0,0,0,0,0
"PLEKHF1",0,1,0,0,0,0,0
"LINC00116",0,1,0,0,0,0,0
"CDC6",0,1,0,0,0,0,0
"LOC102724927",0,1,0,0,0,0,0
"CCL17",0,1,0,0,0,0,0
"CHAT",0,0,0,0,0,0,1
"MIR138.2",0,0,0,0,0,1,0
"CCL18",0,0,0,0,0,1,0
"CCL19",0,1,0,0,0,0,0
"MRRF",0,0,0,0,0,1,0
"ERLIN1",0,0,0,0,0,1,0
"SIGLEC11",0,0,0,0,0,0,1
"CEACAM18.SIGLEC12",0,0,0,0,0,0,1
"C1QTNF6",0,0,0,0,0,1,0
"DSCR4",1,0,0,0,0,0,0
"DPYSL2",0,0,0,0,0,0,1
"NXPH3",0,0,0,0,0,0,1
"CCT2",0,1,0,0,0,0,0
"MMP13",0,0,0,0,0,0,1
"LOC440117",0,1,0,0,0,0,0
"STAG1",0,1,0,0,0,0,0
"MIR6834.PFDN6.RGL2",0,1,0,0,0,0,0
"RRN3P1",1,0,0,0,0,0,0
"GPR139",0,0,0,0,0,0,1
"FAM46C",0,1,0,0,0,0,0
"MMP15",0,1,0,0,0,0,0
"CDCA8",0,1,0,0,0,0,0
"ANKRD62P1.PARP4P3",0,0,0,0,0,0,1
"RRN3P3",0,1,0,0,0,0,0
"CDC14B",0,1,0,0,0,0,0
"LINC00523",0,1,0,0,0,0,0
"CGNL1",0,1,0,0,0,0,0
"VAX2",0,1,0,0,0,0,0
"PPP6R3",1,0,0,0,0,0,1
"C7orf61",0,2,0,0,0,0,0
"MIR3670.1.MIR3670.2.MIR3670.3.MIR3670.4",1,1,0,0,0,0,1
"TPST1",0,1,0,0,0,0,0
"MMP21",0,0,0,0,0,1,0
"LINC00927",0,1,0,0,0,0,0
"SPINT2",0,0,0,0,0,0,1
"YWHAE",0,0,0,1,0,0,0
"LOC221946",0,0,0,0,0,0,1
"PROKR1",1,0,0,0,0,0,0
"FAM87B",0,1,0,0,0,0,0
"FLJ36000",0,1,0,0,0,0,0
"MPHOSPH8",0,1,0,0,0,0,0
"D21S2088E",1,0,0,0,0,0,0
"UBE2C",0,0,0,0,0,0,1
"MIR7641.2.RNA5S1.RNA5S10.RNA5S11.RNA5S12.RNA5S13.RNA5S14.RNA5S15.RNA5S16.RNA5S17.RNA5S2.RNA5S3.RNA5S4.RNA5S5.RNA5S6.RNA5S7.RNA5S8",1,0,0,0,0,0,1
"SPIN4",1,0,0,0,0,0,0
"RUVBL1",1,0,0,0,0,0,0
"LOC101927207",0,0,0,0,0,0,1
"RHO",0,1,0,0,0,0,0
"TMEM18",0,1,0,0,0,0,0
"PHOX2B",1,0,0,0,0,0,0
"RAPGEF5",0,1,0,0,0,0,0
"RHBDD2",0,1,0,0,0,0,0
"DUSP2",0,1,0,0,0,0,0
"UBE2O",1,0,0,0,0,0,0
"LOC221122",0,1,0,0,0,0,0
"CTDSP1",0,1,0,0,0,0,0
"CENPB",0,0,0,0,0,1,0
"DUSP7",0,1,0,0,0,0,0
"UBE3C",0,1,0,0,0,0,0
"HIPK4.PLD3",0,0,0,0,0,0,1
"TSTA3",0,1,0,0,0,0,0
"DMXL2",0,1,0,0,0,0,0
"PTAR1",0,0,0,0,0,0,1
"TTTY15",1,0,0,0,0,0,0
"PEX5L",1,0,0,0,0,0,0
"PLPPR5",0,1,0,0,0,0,0
"SNAP23",0,1,0,0,0,0,0
"NPIPA1",0,0,0,0,0,0,1
"OR2T10",0,1,0,0,0,0,0
"AGAP2",0,1,0,0,0,0,0
"UBL3",0,0,0,0,0,1,0
"ATHL1",0,0,1,0,0,0,0
"DICER1.AS1",0,0,0,0,0,0,1
"PSAT1",0,0,0,0,0,0,1
"UBE2DNL",1,0,0,0,0,0,0
"FCRL4",1,0,0,0,0,0,0
"ISM2",0,1,0,0,0,0,0
"MIR4786",0,0,0,0,0,0,1
"YRDC",0,1,0,0,0,0,0
"SENP6",1,0,0,0,0,0,0
"KAT6B",0,1,0,0,0,0,0
"SNORD116.24",0,0,0,0,0,0,1
"LOC100507412",2,2,0,0,1,2,1
"FAM86EP",0,0,0,0,0,0,1
"CARHSP1",0,1,0,0,0,0,0
"TMEM178A",0,1,0,0,0,0,0
"WDR17",0,0,0,0,0,1,0
"CD300LD",0,1,0,0,0,0,0
"SRD5A1",0,1,0,0,0,0,0
"ISLR",0,0,0,0,0,1,0
"SF3B3",1,0,0,0,0,0,1
"TRIM56",1,0,0,0,0,1,0
"WDR20",0,0,0,0,0,0,1
"LINC01269",0,0,0,0,0,0,1
"SNORD114.1",0,1,0,0,0,0,0
"MIR4423",0,1,0,0,0,0,0
"PSD2",0,0,0,0,0,1,0
"VRK3",0,0,0,0,0,0,1
"SNORD114.6",0,0,0,0,0,0,1
"FAM86FP",0,1,0,0,0,0,0
"WHSC1L1",0,0,0,1,0,0,0
"CHID1.TSPAN4",1,0,0,0,0,0,0
"NUPR2",0,0,0,0,0,0,1
"TSTD1",0,1,0,0,0,0,0
"RCC1",0,0,0,0,0,1,0
"TSPY10.TSPY3",1,1,0,0,0,0,0
"TRIM63",0,0,0,0,0,1,0
"TBC1D1",0,1,0,0,0,0,0
"TMEM51",0,0,0,0,0,0,1
"LOC105372441",0,1,0,0,0,0,0
"PDLIM3",0,1,0,0,0,0,0
"LINC01237",1,0,0,0,0,0,0
"TRMO",0,1,0,0,0,0,0
"INPP4A",0,1,0,0,0,0,0
"DOPEY2",0,0,0,0,0,1,0
"P3H4",0,0,0,0,0,1,0
"NPTXR",0,0,0,0,0,0,1
"LOC389765",1,0,0,0,0,0,0
"SFR1",0,1,0,0,0,1,0
"SFPQ",0,1,0,0,0,0,0
"HIST2H4A.HIST2H4B",0,1,0,0,0,0,0
"SMIM20",0,0,0,0,0,0,1
"STARD9",0,0,0,0,0,0,1
"RAB28",0,1,0,0,0,0,0
"SMIM24",0,0,0,0,0,1,0
"LOXL1",0,0,0,1,0,0,0
"ZNF710",0,1,0,0,0,0,0
"ZNF319",1,0,0,0,0,0,0
"PRR14L",0,0,0,0,0,1,0
"ABCA17P",0,1,0,0,0,1,0
"DNAJC27",0,1,0,0,0,0,0
"RAB2B",1,0,0,0,0,0,0
"PRIMA1",0,0,1,0,0,0,0
"LINC00693",0,1,0,0,0,0,0
"TM4SF20",0,0,0,0,0,0,1
"IGFBP1",0,1,0,0,0,0,0
"ARHGAP20",0,1,0,0,0,0,0
"LINC01215",0,1,0,0,0,0,0
"HMP19",0,0,0,0,0,0,1
"LOC101929681",0,1,0,0,0,0,0
"MIR183.MIR96",0,0,0,0,0,1,0
"CBARP.STK11",0,0,0,0,0,1,0
"PSG3",1,0,0,0,0,0,0
"LOC101929279",0,1,0,0,0,0,0
"KIAA0319L",0,0,0,0,0,0,1
"LSM6",0,0,0,0,0,1,0
"ZNF729",0,0,0,0,0,0,1
"BRSK2",0,0,0,0,0,1,0
"VPS37C",0,0,0,0,0,0,1
"GLDN",0,1,0,0,0,0,0
"APOBEC3C",0,1,0,0,0,0,0
"TMEM82",0,1,0,0,0,0,0
"LINC01621",0,1,0,0,0,0,0
"LRRTM4",0,0,0,0,0,0,1
"NOMO1",0,1,0,0,0,0,0
"RCBTB2",0,0,0,0,1,0,0
"WDR62",0,0,0,0,0,0,1
"MGLL",0,1,0,0,0,0,0
"UBR3",0,0,0,0,0,1,0
"SPOCD1",0,0,0,0,0,0,1
"PLA2G12B",0,1,0,0,0,0,0
"SOD3",0,0,0,0,0,0,1
"SCUBE1",0,0,0,0,0,0,1
"SLC28A1",0,1,0,0,0,0,0
"TMEM89",0,0,0,0,0,0,1
"ATPAF2.DRC3",0,1,0,0,0,0,0
"MIR4771.1.MIR4771.2",1,0,0,0,0,0,1
"VARS2",0,1,0,0,0,0,0
"TNS1",0,0,0,0,0,0,1
"MIR1268A",0,0,0,0,0,0,1
"TNS3",0,0,0,0,0,0,1
"AP3S2.C15orf38.AP3S2",0,1,0,0,0,0,0
"LOC101929660",0,1,0,0,0,0,0
"TMEM8B",0,0,0,0,0,0,1
"DUOX2",1,0,0,0,0,0,0
"DEFA4",0,0,0,0,0,0,1
"BRE",0,1,0,0,0,0,0
"LOC285766",0,1,0,0,0,0,0
"RHBDL3",1,0,0,0,0,0,0
"FAM99A.FAM99B",0,0,0,0,0,0,1
"ANXA13",0,1,0,0,0,0,0
"LOC728392",1,0,0,0,0,0,0
"OR52W1",0,0,0,0,0,0,1
"FAM101A.ZNF664.FAM101A",1,0,0,0,0,1,0
"SEC22A",0,0,0,0,0,0,1
"USH1G",0,0,0,0,0,1,0
"LINC00689",0,1,0,0,0,0,0
"LOC100506476",1,0,0,0,0,0,0
"CDO1",1,0,0,0,0,0,0
"TMED2",1,0,0,0,0,0,0
"ITPR1",0,1,0,0,0,0,1
"SLC38A9",0,1,0,0,0,0,0
"SIRPD",0,0,1,0,0,0,0
"RNPEPL1",0,1,0,0,0,0,0
"ZFPM1",1,0,0,0,0,0,0
"LRPPRC",0,1,0,0,0,0,0
"LDB1",0,0,0,0,0,0,1
"CLMP",0,1,0,0,0,0,0
"UGCG",0,1,0,0,0,0,0
"GCK",0,0,0,0,0,0,1
"DCDC2C",0,0,0,0,0,1,0
"OCLN",1,0,0,0,0,0,0
"VWA8",1,0,0,0,0,0,0
"GOLGA6L10",1,0,0,0,0,0,0
"TCF7",0,0,0,0,0,1,0
"LINC00659",0,0,0,0,0,0,1
"C1orf140",0,0,0,0,0,0,1
"ALG12",1,0,0,0,0,0,0
"ZNF763",1,0,0,0,0,0,0
"MSX2P1",0,1,0,0,0,0,0
"CEP350",0,0,0,0,0,1,0
"HMCES",0,0,0,0,0,0,1
"GEMIN5",1,0,0,0,0,0,0
"NSMF",0,1,0,0,0,0,0
"CCDC60",1,0,0,0,0,0,0
"CHP2",0,0,0,0,0,0,1
"CIDECP",0,1,0,0,0,0,0
"C20orf78",0,1,0,0,0,0,0
"FAM197Y2P.FAM197Y5P",1,0,0,0,0,0,0
"PLA2G1B",0,0,0,0,0,1,0
"EPB41L4B",0,0,0,0,0,0,1
"LINC00668",1,0,0,0,0,0,0
"PGM1",1,0,0,0,0,0,0
"TGFA",0,0,0,0,0,0,1
